scenario_label,scenario_type,aoi,exogenous_label,climate_label,model_label,counterfactual_label,years,baseline_reference_label,base_years,key_base_year,comparison_counterfactual_labels,time_dim_adjustment,coarse_projections_input_path,lulc_src_label,lulc_simplification_label,lulc_correspondence_path,coarse_src_label,coarse_simplification_label,coarse_correspondence_path,lc_class_varname,dimensions,calibration_parameters_source,base_year_lulc_path,regional_projections_input_path,regions_vector_path,regions_column_label
baseline_luh2-message,baseline,global,baseline,rcp45,luh2-message,,2017,,2017,2017,,add2015,luh2/raw_data/rcp45_ssp2/multiple-states_input4MIPs_landState_ScenarioMIP_UofMD-MESSAGE-ssp245-2-1-f_gn_2015-2100.nc,esa,seals7,seals/default_inputs/esa_seals7_correspondence.csv,luh2-14,seals7,seals/default_inputs/luh2-14_seals7_correspondence.csv,all_variables,time,seals/default_inputs/trained_coefficients_seals_manuscript_global_2026_3600sec.csv,lulc/esa/lulc_esa_2017.tif,,cartographic/ee/ee_r264_correspondence.gpkg,ee_r264_label
ssp2_rcp45_luh2-message_bau,bau,global,ssp2,rcp45,luh2-message,bau,2030 2050 2070 2100,baseline_luh2-message,2017,2017,,add2015,luh2/raw_data/rcp45_ssp2/multiple-states_input4MIPs_landState_ScenarioMIP_UofMD-MESSAGE-ssp245-2-1-f_gn_2015-2100.nc,esa,seals7,seals/default_inputs/esa_seals7_correspondence.csv,luh2-14,seals7,seals/default_inputs/luh2-14_seals7_correspondence.csv,all_variables,time,seals/default_inputs/trained_coefficients_seals_manuscript_global_2026_3600sec.csv,lulc/esa/lulc_esa_2017.tif,,cartographic/ee/ee_r264_correspondence.gpkg,ee_r264_label
ssp1_rcp19_luh2-image_bau,policy,global,ssp1,rcp19,luh2-image,bau,2030 2050 2070 2100,baseline_luh2-message,2017,2017,ssp2_rcp45_luh2-message_bau,add2015,luh2/raw_data/rcp19_ssp1/multiple-states_input4MIPs_landState_ScenarioMIP_UofMD-IMAGE-ssp119-2-1-f_gn_2015-2100.nc,esa,seals7,seals/default_inputs/esa_seals7_correspondence.csv,luh2-14,seals7,seals/default_inputs/luh2-14_seals7_correspondence.csv,all_variables,time,seals/default_inputs/trained_coefficients_seals_manuscript_global_2026_3600sec.csv,lulc/esa/lulc_esa_2017.tif,,cartographic/ee/ee_r264_correspondence.gpkg,ee_r264_label
ssp1_rcp26_luh2-image_bau,policy,global,ssp1,rcp26,luh2-image,bau,2030 2050 2070 2100,baseline_luh2-message,2017,2017,ssp2_rcp45_luh2-message_bau,add2015,luh2/raw_data/rcp26_ssp1/multiple-states_input4MIPs_landState_ScenarioMIP_UofMD-IMAGE-ssp126-2-1-f_gn_2015-2100.nc,esa,seals7,seals/default_inputs/esa_seals7_correspondence.csv,luh2-14,seals7,seals/default_inputs/luh2-14_seals7_correspondence.csv,all_variables,time,seals/default_inputs/trained_coefficients_seals_manuscript_global_2026_3600sec.csv,lulc/esa/lulc_esa_2017.tif,,cartographic/ee/ee_r264_correspondence.gpkg,ee_r264_label
ssp3_rcp70_luh2-aim_bau,policy,global,ssp3,rcp70,luh2-aim,bau,2030 2050 2070 2100,baseline_luh2-message,2017,2017,ssp2_rcp45_luh2-message_bau,add2015,luh2/raw_data/rcp70_ssp3/multiple-states_input4MIPs_landState_ScenarioMIP_UofMD-AIM-ssp370-2-1-f_gn_2015-2100.nc,esa,seals7,seals/default_inputs/esa_seals7_correspondence.csv,luh2-14,seals7,seals/default_inputs/luh2-14_seals7_correspondence.csv,all_variables,time,seals/default_inputs/trained_coefficients_seals_manuscript_global_2026_3600sec.csv,lulc/esa/lulc_esa_2017.tif,,cartographic/ee/ee_r264_correspondence.gpkg,ee_r264_label
ssp4_rcp34_luh2-gcam_bau,policy,global,ssp4,rcp34,luh2-gcam,bau,2030 2050 2070 2100,baseline_luh2-message,2017,2017,ssp2_rcp45_luh2-message_bau,add2015,luh2/raw_data/rcp34_ssp4/multiple-states_input4MIPs_landState_ScenarioMIP_UofMD-GCAM-ssp434-2-1-f_gn_2015-2100.nc,esa,seals7,seals/default_inputs/esa_seals7_correspondence.csv,luh2-14,seals7,seals/default_inputs/luh2-14_seals7_correspondence.csv,all_variables,time,seals/default_inputs/trained_coefficients_seals_manuscript_global_2026_3600sec.csv,lulc/esa/lulc_esa_2017.tif,,cartographic/ee/ee_r264_correspondence.gpkg,ee_r264_label
ssp4_rcp60_luh2-gcam_bau,policy,global,ssp4,rcp60,luh2-gcam,bau,2030 2050 2070 2100,baseline_luh2-message,2017,2017,ssp2_rcp45_luh2-message_bau,add2015,luh2/raw_data/rcp60_ssp4/multiple-states_input4MIPs_landState_ScenarioMIP_UofMD-GCAM-ssp460-2-1-f_gn_2015-2100.nc,esa,seals7,seals/default_inputs/esa_seals7_correspondence.csv,luh2-14,seals7,seals/default_inputs/luh2-14_seals7_correspondence.csv,all_variables,time,seals/default_inputs/trained_coefficients_seals_manuscript_global_2026_3600sec.csv,lulc/esa/lulc_esa_2017.tif,,cartographic/ee/ee_r264_correspondence.gpkg,ee_r264_label
ssp5_rcp34_luh2-magpie_bau,policy,global,ssp5,rcp34,luh2-magpie,bau,2030 2050 2070 2100,baseline_luh2-message,2017,2017,ssp2_rcp45_luh2-message_bau,add2015,luh2/raw_data/rcp34_ssp5/multiple-states_input4MIPs_landState_ScenarioMIP_UofMD-MAGPIE-ssp534-2-1-f_gn_2015-2100.nc,esa,seals7,seals/default_inputs/esa_seals7_correspondence.csv,luh2-14,seals7,seals/default_inputs/luh2-14_seals7_correspondence.csv,all_variables,time,seals/default_inputs/trained_coefficients_seals_manuscript_global_2026_3600sec.csv,lulc/esa/lulc_esa_2017.tif,,cartographic/ee/ee_r264_correspondence.gpkg,ee_r264_label
ssp5_rcp85_luh2-magpie_bau,policy,global,ssp5,rcp85,luh2-magpie,bau,2030 2050 2070 2100,baseline_luh2-message,2017,2017,ssp2_rcp45_luh2-message_bau,add2015,luh2/raw_data/rcp85_ssp5/multiple-states_input4MIPs_landState_ScenarioMIP_UofMD-MAGPIE-ssp585-2-1-f_gn_2015-2100.nc,esa,seals7,seals/default_inputs/esa_seals7_correspondence.csv,luh2-14,seals7,seals/default_inputs/luh2-14_seals7_correspondence.csv,all_variables,time,seals/default_inputs/trained_coefficients_seals_manuscript_global_2026_3600sec.csv,lulc/esa/lulc_esa_2017.tif,,cartographic/ee/ee_r264_correspondence.gpkg,ee_r264_label
